Name,Price,Designs,Material,Color,Warranty,Seater,Armrest,Shape,Brand,Length (Cm),Breadth (Cm),Height (Cm),Ratings,Sold Count
Snowflake Living Room Curved Sofa With Cushions,199989,Modern,Cotton,White,0,5,Yes,Curved,Wooden Street,335.8,98.3,67.3,0,0
Sydney Living Room Curved Sofa With Cushions,139989,Contemporary,Cotton,White,0,5,Yes,Curved,Wooden Street,294.6,88.9,68.6,0,0
"Cosmos L- Shape Sectional Sofa Set with 2 Lounge Chairs and 4 Cushions
(Cranberry Collection)",125988,Modern,Cotton,Red,36,4,0,0,Wooden Street,309.9,81.3,73.7,4.5,27
"Cosmos L- Shape Sectional Sofa Set with 2 Lounge Chairs and 4 Cushions
(Cobalt Collection)",125988,Modern,Cotton,Blue,36,4,0,0,Wooden Street,309.9,81.3,73.7,4.5,27
"Cosmos L- Shape Sectional Sofa Set with 2 Lounge Chairs and 4 Cushions
(Scarlet Collection)",122989,Modern,Velvet,Green,36,4,0,0,Wooden Street,309.9,81.3,73.7,4.5,27
"Gracious L- Shape Right Aligned Fabric Sofa
(Leatherette, Grey)",119999,Modern,Leatherette,Grey,36,0,0,L Shape,Wooden Street,269.7,99.3,66.8,5,15
Cabriole 5 Seater Curved Fabric Sofa,96989,Modern,Cotton,Cream,36,5,Yes,Curved,Wooden Street,279.4,81.3,73.7,0,0
Alaska 3 Seater Living Room Sofa Set with 2 Lounge Chairs,92989,Modern,Cotton,Cream,36,4,0,0,Wooden Street,238.8,83.8,76.2,5,5
Alisa 3 Seater Living Room Sofa Set with 2 Arm Chairs,90969,Modern,Cotton,Cream,36,4,0,0,Wooden Street,238.8,83.8,76.2,0,0
"Sapphire 3 Seater Living Room Sofa with 2 Lounge Chairs and 4 Cushions
(Pearl Collection)",90969,Modern,Cotton,Cream,36,4,0,0,Wooden Street,238.8,83.8,76.2,4.5,36
"Sapphire 3 Seater Living Room Sofa with 2 Lounge Chairs and 4 Cushions
(Skyline Collection)",89989,Modern,Cotton,Blue,36,4,0,0,Wooden Street,238.8,83.8,76.2,4.5,36
Vanisa 3 Seater Living Room Sofa Set with 2 Arm Chairs and 6 Cushions,87989,Contemporary,Cotton,Cream,36,4,0,0,Wooden Street,208.3,80.0,76.2,4.6,55
"Berlin Fabric Sofa Set
(Graphite Grey)",86987,Chesterfield,Velvet,Grey,36,4,Yes,0,Wooden Street,182.9,72.4,76.2,5,5
"Berlin Fabric Sofa Set
(Indigo Blue)",86987,Chesterfield,Velvet,Blue,36,4,Yes,0,Wooden Street,182.9,72.4,76.2,5,5
"Berlin Fabric Sofa Set
(Chestnut Brown)",86987,Chesterfield,Velvet,Brown,36,4,Yes,0,Wooden Street,182.9,72.4,76.2,5,5
"Berlin Fabric Sofa Set
(Velvet, Mulberry Pink)",86987,Chesterfield,Velvet,Purple,36,4,Yes,0,Wooden Street,182.9,72.4,76.2,5,5
"Berlin Fabric Sofa Set
(Velvet, Dark Olive Green)",86987,Chesterfield,Velvet,Green,36,4,Yes,0,Wooden Street,182.9,72.4,76.2,5,5
"Aspire 5 Seater Modern Curved Fabric Sofa
(Cotton, Jade Ivory)",85989,Modern,Cotton,Cream,36,3,0,Curved,Wooden Street,279.4,81.3,73.7,5,5
"Sapphire 3 Seater Living Room Sofa with 2 Lounge Chairs and 4 Cushions
(Creamy Cocoa Collection)",85898,Modern,Velvet,Yellow,36,4,0,0,Wooden Street,238.8,83.8,76.2,4.5,36
"Sapphire 3 Seater Living Room Sofa with 2 Lounge Chairs and 4 Cushions
(Lush Collection)",85898,Modern,Velvet,Green,36,4,0,0,Wooden Street,238.8,83.8,76.2,4.5,36
"Sapphire 3 Seater Living Room Sofa with 2 Lounge Chairs and 4 Cushions
(Smoky Collection)",85898,Modern,Velvet,Grey,36,4,0,0,Wooden Street,238.8,83.8,76.2,4.5,36
"Sapphire 3 Seater Living Room Sofa with 2 Lounge Chairs and 4 Cushions
(Shadow Collection)",85898,Modern,Velvet,Blue,36,4,0,0,Wooden Street,238.8,83.8,76.2,4.5,36
"Sapphire 3 Seater Living Room Sofa with 2 Lounge Chairs and 4 Cushions
(Meadow Collection)",84999,Modern,Cotton,Green,36,4,0,0,Wooden Street,238.8,83.8,76.2,4.5,36
"Aldean Fabric Sofa Set
(Indigo Blue)",83989,Rolled arm,Velvet,Blue,36,4,0,0,Wooden Street,193.0,81.3,83.8,5,15
"Aldean Fabric Sofa Set
(Graphite Grey)",83989,Rolled arm,Velvet,Grey,36,4,0,0,Wooden Street,193.0,81.3,83.8,5,15
"Aldean Fabric Sofa Set
(Chestnut Brown)",83989,Rolled arm,Velvet,Brown,36,4,0,0,Wooden Street,193.0,81.3,83.8,5,15
"Apolo 3 Seater Living Room Sofa with 2 Lounge Chairs and 5 Cushions
(Safari Collection)",83483,Contemporary,Cotton,Cream,36,4,0,0,Wooden Street,0,0,0,4.7,14
"Albert Fabric Sofa Set
(Velvet, Chestnut Brown)",82789,Contemporary,Velvet,Brown,36,4,Yes,0,Wooden Street,208.3,96.5,83.8,0,0
"Albert Fabric Sofa Set
(Velvet, Graphite Grey)",82789,Contemporary,Velvet,Grey,36,4,Yes,0,Wooden Street,208.3,96.5,83.8,0,0
"Albert Fabric Sofa Set
(Velvet, Indigo Blue)",82789,Contemporary,Velvet,Blue,36,4,Yes,0,Wooden Street,208.3,96.5,83.8,0,0
"Albert Fabric Sofa Set
(Velvet, Mulberry Pink)",82789,Contemporary,Velvet,Purple,36,4,Yes,0,Wooden Street,208.3,96.5,83.8,0,0
"Albert Fabric Sofa Set
(Velvet, Dark Olive Green)",82789,Contemporary,Velvet,Green,36,4,Yes,0,Wooden Street,208.3,96.5,83.8,0,0
"Ivanka Left Aligned 3 Seater Velvet Sofa With Lounger
(Blue Upholstery)",80948,Chesterfield,Velvet,Blue,12,0,0,0,Vittoria,91.4,177.8,81.3,0,0
"Ivanka RHS 3 Seater Velvet Sofa With Lounger
(Blue Upholstery)",80948,Chesterfield,Velvet,Blue,12,0,0,0,Vittoria,91.4,177.8,81.3,0,0
"Valencia L Shape Left Aligned Sofa
(Velvet, Pink Upholstery)",80948,Modern,Velvet,Pink,12,0,0,0,Vittoria,88.9,198.1,78.7,4.4,22
"Oasis L-Shape Left Aligned Sectional Sofa
(Cotton, Iris Blue)",79989,Modern,Cotton,Blue,36,0,0,0,Wooden Street,309.9,81.3,73.7,4.8,129
"Oasis L-Shape Left Aligned Sectional Sofa
(Cotton, Persian Plum)",79989,Modern,Cotton,Red,36,0,0,0,Wooden Street,309.9,81.3,73.7,4.8,129
"Oasis L-Shape Left Aligned Sectional Sofa
(Cotton, Sand Beige)",79989,Modern,Cotton,Beige,36,0,0,0,Wooden Street,309.9,81.3,73.7,4.8,129
"Oasis L-Shape Left Aligned Sectional Sofa
(Cotton, Sand Grey)",79989,Modern,Cotton,Grey,36,0,0,0,Wooden Street,309.9,81.3,73.7,4.8,129
"Oasis L-Shape Left Aligned Sectional Sofa
(Cotton, Jade Ivory)",79989,Modern,Cotton,Beige,36,0,0,0,Wooden Street,309.9,81.3,73.7,4.8,129
"Oasis L-Shape Right Aligned Sectional Sofa
(Cotton, Persian Plum)",79989,Modern,Cotton,Red,36,0,0,0,Wooden Street,309.9,81.3,73.7,4.5,201
"Oasis L-Shape Right Aligned Sectional Sofa
(Cotton, Iris Blue)",79989,Modern,Cotton,Blue,36,0,0,0,Wooden Street,309.9,81.3,73.7,4.5,201
"Oasis L-Shape Right Aligned Sectional Sofa
(Cotton, Jade Ivory)",79989,Modern,Cotton,Beige,36,0,0,0,Wooden Street,309.9,81.3,73.7,4.5,201
"Oasis L-Shape Right Aligned Sectional Sofa
(Cotton, Sand Grey)",79989,Modern,Cotton,Grey,36,0,0,0,Wooden Street,309.9,81.3,73.7,4.5,201
"Oasis L-Shape Right Aligned Sectional Sofa
(Cotton, Sand Beige)",79989,Modern,Cotton,Beige,36,0,0,0,Wooden Street,309.9,81.3,73.7,4.5,201
"Henry Left Aligned Convertible Sofa Cum Bed with Storage
(Velvet, Graphite Grey)",78989,Chesterfield,Velvet,Grey,36,0,Yes,L - Shape,Wooden Street,275.6,156.2,76.2,4.9,54
"Henry Sectional L -Shape Corner Sofa
(Velvet, Chestnut Brown)",78989,Chesterfield,Velvet,Yellow,36,0,Yes,L - Shape,Wooden Street,193.0,81.3,76.2,5,20
"Henry Sectional L -Shape Corner Sofa
(Velvet, Indigo Blue)",78989,Chesterfield,Velvet,Blue,36,0,Yes,L - Shape,Wooden Street,193.0,81.3,76.2,5,20
"Henry Sectional L -Shape Corner Sofa
(Velvet, Graphite Grey)",78989,Chesterfield,Velvet,Grey,36,0,Yes,L - Shape,Wooden Street,193.0,81.3,76.2,5,20
"Henry Sectional L -Shape Corner Sofa
(Velvet, Mulberry Pink)",78989,Chesterfield,Velvet,Purple,36,0,Yes,L - Shape,Wooden Street,193.0,81.3,76.2,5,20
"Henry Sectional L -Shape Corner Sofa
(Velvet, Dark Olive Green)",78989,Chesterfield,Velvet,Green,36,0,Yes,L - Shape,Wooden Street,193.0,81.3,76.2,5,20
"Henry Left Aligned Convertible Sofa Cum Bed with Storage
(Velvet, Chestnut Brown)",78989,Chesterfield,Velvet,Brown,36,0,Yes,L - Shape,Wooden Street,275.6,156.2,76.2,4.9,54
"Henry Right Aligned Convertible Sofa Cum Bed with Storage
(Velvet, Chestnut Brown)",78989,Chesterfield,Velvet,Brown,36,0,Yes,L - Shape,Wooden Street,275.6,156.2,76.2,4.7,56
"Henry Right Aligned Convertible Sofa Cum Bed with Storage
(Velvet, Indigo Blue)",78989,Chesterfield,Velvet,Blue,36,0,Yes,L - Shape,Wooden Street,275.6,156.2,76.2,4.7,56
"Henry Right Aligned Convertible Sofa Cum Bed with Storage
(Velvet, Salmon Pink)",78989,Chesterfield,Velvet,Pink,36,0,Yes,L - Shape,Wooden Street,275.6,156.2,76.2,4.7,56
"Apolo 3 Seater Living Room Sofa with 2 Lounge Chairs and 4 Cushions
(Palm Collection)",77963,Contemporary,Cotton,Green,36,4,0,0,Wooden Street,0,0,0,4.8,77
"Haiden Right Aligned Sofa With Adjustable Headrests
(Velvet, Pink)",77644,Modern,Velvet,Pink,12,0,0,0,Vittoria,88.9,154.9,76.2,0,0
"Haiden Right Aligned Sofa With Adjustable Headrests
(Leatherette, Brown Upholstery)",77644,Modern,Leatherette,Brown,12,0,0,0,Vittoria,88.9,154.9,76.2,0,0
"Haiden Left Aligned Sofa With Adjustable Headrests
(Leatherette, Pink Upholstery)",77644,Modern,Leatherette,Pink,12,0,0,0,Vittoria,88.9,154.9,76.2,4.6,32
"Oasis L-Shape Right Aligned Sectional Sofa
(Velvet, Indigo Blue)",76989,Modern,Velvet,Blue,36,0,0,0,Wooden Street,309.9,81.3,73.7,4.5,201
"Oasis L-Shape Right Aligned Sectional Sofa
(Velvet, Graphite Grey)",76989,Modern,Velvet,Grey,36,0,0,0,Wooden Street,309.9,81.3,73.7,4.5,201
"Oasis L-Shape Right Aligned Sectional Sofa
(Velvet,Dark Olive Green)",76989,Modern,Velvet,Green,36,0,0,0,Wooden Street,309.9,81.3,73.7,4.5,201
"Oasis L-Shape Right Aligned Sectional Sofa
(Velvet, Chestnut Brown)",76989,Modern,Velvet,Yellow,36,0,0,0,Wooden Street,309.9,81.3,73.7,4.5,201
"Oasis L-Shape Left Aligned Sectional Sofa
(Velvet, Chestnut Brown)",76989,Modern,Velvet,Yellow,36,0,0,0,Wooden Street,309.9,81.3,73.7,4.8,129
"Oasis L-Shape Left Aligned Sectional Sofa
(Velvet, Graphite Grey)",76989,Modern,Velvet,Grey,36,0,0,0,Wooden Street,309.9,81.3,73.7,4.8,129
"Oasis L-Shape Left Aligned Sectional Sofa
(Velvet, Indigo Blue)",76989,Modern,Velvet,Blue,36,0,0,0,Wooden Street,309.9,81.3,73.7,4.8,129
"Oasis L-Shape Left Aligned Sectional Sofa
(Velvet, Dark Olive Green)",76989,Modern,Velvet,Green,36,0,0,0,Wooden Street,309.9,81.3,73.7,4.8,129
"Apolo 3 Seater Living Room Sofa with 2 Lounge Chairs and 4 Cushions
(Gardenia Collection)",75963,Contemporary,Cotton,Cream,36,4,0,0,Wooden Street,198.1,76.2,78.7,4.8,77
"Apolo 3 Seater Living Room Sofa with 2 Lounge Chairs and 4 Cushions
(Azure Collection)",75963,Contemporary,Cotton,Blue,36,4,0,0,Wooden Street,198.1,76.2,78.7,4.8,77
"Apolo 3 Seater Living Room Sofa with 2 Lounge Chairs and 4 Cushions
(Iceberg Collection)",75963,Contemporary,Cotton,Cream,36,4,0,0,Wooden Street,198.1,76.2,78.7,4.8,77
"Apolo 3 Seater Living Room Sofa with 2 Lounge Chairs and 4 Cushions
(Cosmic Collection)",75963,Contemporary,Cotton,Red,36,4,0,0,Wooden Street,198.1,76.2,78.7,4.8,77
"Apolo 3 Seater Living Room Sofa with 2 Lounge Chairs and 4 Cushions
(Calamine Collection)",75963,Contemporary,Cotton,Cream,36,4,0,0,Wooden Street,198.1,76.2,78.7,4.8,77
"Apolo 3 Seater Living Room Sofa with 2 Lounge Chairs and 4 Cushions
(Blush Collection)",75962,Contemporary,Cotton,Red,36,4,0,0,Wooden Street,198.1,76.2,78.7,4.8,77
"Adley 3+1+1 Fabric Sofa Set
(Velvet, Chestnut Brown)",74989,Contemporary,Velvet,Brown,36,4,Yes,0,Wooden Street,208.3,76.2,76.2,0,0
"Adley 3+1+1 Fabric Sofa Set
(Velvet, Graphite Grey)",74989,Contemporary,Velvet,Grey,36,4,Yes,0,Wooden Street,208.3,76.2,76.2,0,0
"Adley 3+1+1 Fabric Sofa Set
(Velvet, Indigo Blue)",74989,Contemporary,Velvet,Blue,36,4,Yes,0,Wooden Street,208.3,76.2,76.2,0,0
"Adley 3+1+1 Fabric Sofa Set
(Velvet, Dark Olive Green)",74989,Contemporary,Velvet,Green,36,4,Yes,0,Wooden Street,208.3,76.2,76.2,0,0
"Adley 3+1+1 Fabric Sofa Set
(Velvet, Mulberry Pink)",74989,Contemporary,Velvet,Purple,36,4,Yes,0,Wooden Street,208.3,76.2,76.2,0,0
"Advay 3 Seater Living Room Sofa Set
(Twilight Collection)",74889,Modern,Cotton,Red,36,3,0,0,Wooden Street,182.9,66.0,78.7,0,0
"Norvin Fabric Sofa Set
(Velvet, Chestnut Brown)",72989,Chesterfield,Velvet,Brown,36,4,Yes,0,Wooden Street,0,0,0,0,0
"Norvin Fabric Sofa Set
(Velvet, Dark Olive Green)",72989,Chesterfield,Velvet,Green,36,4,Yes,0,Wooden Street,0,0,0,0,0
"Norvin Fabric Sofa Set
(Velvet, Graphite Grey)",72989,Chesterfield,Velvet,Grey,36,4,Yes,0,Wooden Street,0,0,0,0,0
"Norvin Fabric Sofa Set
(Velvet, Indigo Blue)",72989,Chesterfield,Velvet,Blue,36,4,Yes,0,Wooden Street,0,0,0,0,0
"Eldric Fabric Sofa Set
(Velvet, Chestnut Brown)",70987,Contemporary,Velvet,Brown,36,4,Yes,0,Wooden Street,203.2,76.2,76.2,5,15
"Eldric Fabric Sofa Set
(Velvet, Dark Olive Green)",70987,Contemporary,Velvet,Green,36,4,Yes,0,Wooden Street,203.2,76.2,76.2,5,15
"Eldric Fabric Sofa Set
(Velvet, Mulberry Pink)",70987,Contemporary,Velvet,Pink,36,4,Yes,0,Wooden Street,203.2,76.2,76.2,5,15
"Eldric Fabric Sofa Set
(Velvet, Indigo Blue)",70987,Contemporary,Velvet,Blue,36,4,Yes,0,Wooden Street,203.2,76.2,76.2,5,15
"Eldric Fabric Sofa Set
(Velvet, Graphite Grey)",70987,Contemporary,Velvet,Grey,36,4,Yes,0,Wooden Street,203.2,76.2,76.2,5,15
"Henry L - Shape Right Aligned Corner Sofa
(Velvet, Chestnut Brown)",68989,Chesterfield,Velvet,Brown,36,0,Yes,L - Shape,Wooden Street,275.6,82.6,78.7,4.8,327
"Henry L - Shape Left Aligned Corner Sofa
(Velvet, Indigo Blue)",68989,Chesterfield,Velvet,Blue,36,0,Yes,L - Shape,Wooden Street,275.6,82.6,78.7,4.8,441
"Henry L - Shape Right Aligned Corner Sofa
(Velvet, Graphite Grey)",68989,Chesterfield,Velvet,Grey,36,0,Yes,L - Shape,Wooden Street,275.6,82.6,78.7,4.8,327
"Henry L - Shape Right Aligned Corner Sofa
(Velvet, Indigo Blue)",68989,Chesterfield,Velvet,Blue,36,0,Yes,L - Shape,Wooden Street,275.6,82.6,78.7,4.8,327
"Berlin L - Shape Right Aligned Corner Sofa
(Velvet, Indigo Blue)",68989,Chesterfield,Velvet,Blue,36,0,Yes,L - Shape,Wooden Street,182.9,76.2,76.2,4.7,84
"Berlin L - Shape Right Aligned Corner Sofa
(Velvet, Mulberry Pink)",68989,Chesterfield,Velvet,Purple,36,0,Yes,L - Shape,Wooden Street,182.9,76.2,76.2,4.7,84
"Berlin L - Shape Right Aligned Corner Sofa
(Velvet, Dark Olive Green)",68989,Chesterfield,Velvet,Green,36,0,Yes,L - Shape,Wooden Street,182.9,76.2,76.2,4.7,84
"Henry L - Shape Right Aligned Corner Sofa
(Velvet, Mulberry Pink)",68989,Chesterfield,Velvet,Purple,36,0,Yes,L - Shape,Wooden Street,275.6,82.6,78.7,4.8,327
"Henry L - Shape Right Aligned Corner Sofa
(Velvet, Dark Olive Green)",68989,Chesterfield,Velvet,Green,36,0,Yes,L - Shape,Wooden Street,275.6,82.6,78.7,4.8,327
"Henry L - Shape Left Aligned Corner Sofa
(Velvet, Chestnut Brown)",68989,Chesterfield,Velvet,Brown,36,0,Yes,L - Shape,Wooden Street,275.6,82.6,78.7,4.8,441
"Henry L - Shape Left Aligned Corner Sofa
(Velvet, Graphite Grey)",68989,Chesterfield,Velvet,Grey,36,0,Yes,L - Shape,Wooden Street,275.6,82.6,78.7,4.8,441
"Berlin L - Shape Right Aligned Corner Sofa
(Velvet, Graphite Grey)",68989,Chesterfield,Velvet,Grey,36,0,Yes,L - Shape,Wooden Street,182.9,76.2,76.2,4.7,84
"Henry L - Shape Left Aligned Corner Sofa
(Velvet, Mulberry Pink)",68989,Chesterfield,Velvet,Purple,36,0,Yes,L - Shape,Wooden Street,275.6,82.6,78.7,4.8,441
"Henry L - Shape Left Aligned Corner Sofa
(Velvet, Dark Olive Green)",68989,Chesterfield,Velvet,Green,36,0,Yes,L - Shape,Wooden Street,275.6,82.6,78.7,4.8,441
"Orlando Fabric Sofa Set
(Chestnut Brown)",68989,Modern,Velvet,Brown,36,4,0,0,Wooden Street,193.0,76.2,81.3,0,0
"Orlando Fabric Sofa Set
(Indigo Blue)",68989,Modern,Velvet,Blue,36,4,0,0,Wooden Street,193.0,76.2,81.3,0,0
"Orlando Fabric Sofa Set
(Graphite Grey)",68989,Chesterfield,Velvet,Grey,36,4,0,0,Wooden Street,193.0,76.2,81.3,0,0
"Solace L-Shaped 3 Seater Wooden Sofa with Washable Zipper Cover
(Honey Finish)",68699,0,Sheesham wood,Grey,36,0,Yes,L - Shape,Wooden Street,218.4,86.4,78.7,4.9,93
Alpine Comfort Set,66599,Modern,Cotton,Blue,36,3,0,0,Wooden Street,182.9,76.2,76.2,0,0
Earthen Comfort Set,66599,Chesterfield,Cotton,White,36,3,0,0,Wooden Street,198.1,81.3,76.2,0,0
"Audrey 6 Seater L Shape Corner Sofa Set with Washable Zipper Cover
(Walnut Finish)",66599,0,Sheesham wood,Cream,36,0,Yes,L - Shape,Wooden Street,261.6,180.3,71.1,4.9,78
"Audrey 6 Seater L Shape Corner Sofa Set with Washable Zipper Cover
(Honey Finish)",66599,0,Sheesham wood,Cream,36,0,Yes,L - Shape,Wooden Street,261.6,180.3,71.1,4.9,78
"Memento 3 Seater Wooden Sofa with Cotton and Leatherette Upholstery
(Ginger Bread)",62989,Modern,Ash wood,Brown,36,3,Yes,0,Wooden Street,226.1,88.9,78.7,4.5,9
Mariam 3 Seater Living Room Sofa with Arm Chairs,61599,Rolled arm,Velvet,Grey,36,3,0,0,Wooden Street,208.3,81.3,71.1,5,10
"Argos L - Shape Left Aligned Corner Sofa
(Indigo Ink)",61499,0,Cotton,Blue,36,0,0,0,Wooden Street,248.9,213.4,83.8,5,10
"Argos L - Shape Left Aligned Corner Sofa
(Warm Grey)",61499,0,Cotton,Grey,36,0,0,0,Wooden Street,248.9,213.4,83.8,5,10
"Argos L - Shape Right Aligned Corner Sofa
(Indigo Ink)",61499,0,Cotton,Blue,36,0,0,0,Wooden Street,248.9,213.4,83.8,0,0
"Argos L - Shape Right Aligned Corner Sofa
(Warm Grey)",61499,0,Cotton,Grey,36,0,0,0,Wooden Street,248.9,213.4,83.8,0,0
"Cortez L-Shaped Wooden Sofa with Side Storage Drawer
(Honey Finish)",61499,0,Sheesham wood,Cream,36,0,No,L - Shape,Wooden Street,294.6,182.9,71.1,4.8,58
Black Rope L Shape Sofa Set With Table And Black Cushions,59999,0,Rope,Black,1,0,0,0,Devoko,0,0,0,0,0
"Arbor Fabric Sofa Set
(Velvet, Dark Olive Green)",59997,Contemporary,Velvet,Green,36,4,0,0,Wooden Street,208.3,76.2,78.7,5,15
"Arbor Fabric Sofa Set
(Velvet, Chestnut Brown)",59997,Contemporary,Velvet,Brown,36,4,0,0,Wooden Street,208.3,76.2,78.7,5,15
"Arbor Fabric Sofa Set
(Velvet, Graphite Grey)",59997,Contemporary,Velvet,Grey,36,4,0,0,Wooden Street,208.3,76.2,78.7,5,15
"Arbor Fabric Sofa Set
(Velvet, Indigo Blue)",59997,Contemporary,Velvet,Blue,36,4,0,0,Wooden Street,208.3,76.2,78.7,5,15
"Arbor Fabric Sofa Set
(Velvet, Mulberry Pink)",59997,Contemporary,Velvet,Purple,36,4,0,0,Wooden Street,208.3,76.2,78.7,5,15
"Albert L - Shape Right Aligned Corner Sofa With Adjustable Headrest
(Velvet, Chestnut Brown)",58989,Modern,Velvet,Brown,36,0,Yes,L - Shape,Wooden Street,269.2,96.5,83.8,4.5,76
"Albert L - Shape Right Aligned Corner Sofa With Adjustable Headrest
(Velvet, Indigo Blue)",58989,Modern,Velvet,Blue,36,0,Yes,L - Shape,Wooden Street,269.2,96.5,83.8,4.5,76
"Mckellen L Shape Right Aligned Corner Sofa Cum Bed
(Graphite Grey)",58989,Modern,Velvet,Grey,36,0,No,0,Wooden Street,221.0,96.5,77.5,5,15
"Albert L - Shape Right Aligned Corner Sofa With Adjustable Headrest
(Velvet, Graphite Grey)",58989,Modern,Velvet,Grey,36,0,Yes,L - Shape,Wooden Street,269.2,96.5,83.8,4.5,76
Beige Rope L Shape Sofa Set With Table And Light Grey Cushions,56999,0,Rope,Beige,1,0,0,0,Devoko,0,0,0,0,0
"Berlin Left Aligned Convertible Sofa Cum Bed with Storage
(Velvet, Dark Olive Green)",55989,Chesterfield,Velvet,Green,36,0,Yes,L - Shape,Wooden Street,228.6,147.3,76.2,4.6,74
"Berlin Right Aligned Convertible Sofa Cum Bed with Storage
(Velvet, Chestnut Brown)",55989,Chesterfield,Velvet,Brown,36,0,Yes,L - Shape,Wooden Street,228.6,147.3,76.2,4.9,103
"Berlin Left Aligned Convertible Sofa Cum Bed with Storage
(Velvet, Indigo Blue)",55989,Chesterfield,Velvet,Blue,36,0,Yes,L - Shape,Wooden Street,228.6,147.3,76.2,4.6,74
"Berlin Left Aligned Convertible Sofa Cum Bed with Storage
(Velvet, Mulberry Pink)",55989,Chesterfield,Velvet,Purple,36,0,Yes,L - Shape,Wooden Street,228.6,147.3,76.2,4.6,74
"Berlin Left Aligned Convertible Sofa Cum Bed with Storage
(Velvet, Chestnut Brown)",55989,Chesterfield,Velvet,Brown,36,0,Yes,L - Shape,Wooden Street,228.6,147.3,76.2,4.6,74
"Berlin Left Aligned Convertible Sofa Cum Bed with Storage
(Velvet, Graphite Grey)",55989,Chesterfield,Velvet,Grey,36,0,Yes,L - Shape,Wooden Street,228.6,147.3,76.2,4.6,74
"Berlin Right Aligned Convertible Sofa Cum Bed with Storage
(Velvet, Dark Olive Green)",55989,Chesterfield,Velvet,Green,36,0,Yes,L - Shape,Wooden Street,228.6,147.3,76.2,4.9,103
"Berlin Right Aligned Convertible Sofa Cum Bed with Storage
(Velvet, Graphite Grey)",55989,Chesterfield,Velvet,Grey,36,0,Yes,L - Shape,Wooden Street,228.6,147.3,76.2,4.9,103
"Berlin Right Aligned Convertible Sofa Cum Bed with Storage
(Velvet, Indigo Blue)",55989,Chesterfield,Velvet,Blue,36,0,Yes,L - Shape,Wooden Street,228.6,147.3,76.2,4.9,103
"Flumph Left Aligned L Shape Sofa Cum Bed with Storage
(Beige Upholstery)",54516,Modern,Velvet,Beige,12,0,0,0,Vittoria,88.9,132.1,86.4,0,0
"Flumph Right Aligned L Shaped Sofa Cum Bed with Storage
(Blue Upholstery)",54516,Modern,Velvet,Blue,12,0,0,0,Vittoria,88.9,132.1,86.4,0,0
"Rhine L-Shaped Sheesham Wood Multifunctional Corner Sofa with Storage
(Walnut Finish)",53989,0,Sheesham wood,Grey,36,0,Yes,L - Shape,Wooden Street,0,0,0,4.7,104
"Cairo Fabric 3 Seater Convertible Sofa Cum Bed
(Velvet, Chestnut Brown)",52898,Chesterfield,Velvet,Brown,36,3,Yes,0,Wooden Street,182.9,88.9,94.0,5,15
"Cairo Fabric 3 Seater Convertible Sofa Cum Bed
(Velvet, Indigo Blue)",52898,Chesterfield,Velvet,Blue,36,3,Yes,0,Wooden Street,182.9,88.9,94.0,5,15
"Cairo Fabric 3 Seater Convertible Sofa Cum Bed
(Velvet, Dark Olive Green)",52898,Chesterfield,Velvet,Green,36,3,Yes,0,Wooden Street,182.9,88.9,94.0,5,15
"Cairo Fabric 3 Seater Convertible Sofa Cum Bed
(Velvet, Graphite Grey)",52898,Chesterfield,Velvet,Grey,36,3,Yes,0,Wooden Street,182.9,88.9,94.0,5,15
"Nirvana 3 Seater Sofa
(Cotton, Persian Plum)",52494,Modern,Cotton,Red,36,3,Yes,0,Wooden Street,182.9,66.0,78.7,0,0
"Everett Left Aligned Convertible Sofa Cum Bed with Storage
(Velvet, Graphite Grey)",49989,Contemporary,Velvet,Grey,36,0,Yes,L - Shape,Wooden Street,208.3,147.3,76.2,5,25
"Everett Right Aligned Convertible Sofa Cum Bed with Storage
(Velvet, Indigo Blue)",49989,Contemporary,Velvet,Blue,36,0,Yes,L - Shape,Wooden Street,208.3,147.3,76.2,4.7,70
"Everett Left Aligned Convertible Sofa Cum Bed with Storage
(Velvet, Chestnut Brown)",49989,Contemporary,Velvet,Brown,36,0,Yes,L - Shape,Wooden Street,208.3,147.3,76.2,5,25
"Everett Left Aligned Convertible Sofa Cum Bed with Storage
(Velvet, Dark Olive Green)",49989,Contemporary,Velvet,Green,36,0,Yes,L - Shape,Wooden Street,208.3,147.3,76.2,5,25
"Winster L-Shape Multifunctional Corner Sofa
(Honey Irish Cream)",49989,0,Sheesham wood,Cream,36,0,0,0,Wooden Street,203.2,134.6,76.2,4.6,92
"Winster L-Shape Multifunctional Corner Sofa
(Walnut Irish Cream)",49989,0,Sheesham wood,Cream,36,0,0,0,Wooden Street,203.2,134.6,76.2,4.6,92
"Alfonso Left Aligned Convertible Sofa Cum Bed
(Velvet, Dark Olive Green)",48989,Chesterfield,Velvet,Green,36,0,Yes,L - Shape,Wooden Street,203.2,81.3,88.9,5,124
"Ryker L-Shape Left Aligned Wooden Sofa
(Walnut Finish, Dusky Rose)",48989,0,Sheesham wood,Red,36,0,0,0,Wooden Street,0,0,0,0,0
"Ryker L-Shape Right Aligned Wooden Sofa
(Walunt Finish, Indigo Ink)",48989,0,Sheesham wood,Blue,36,0,0,0,Wooden Street,236.2,133.4,76.2,4.5,18
"Alfonso Right Aligned Convertible Sofa Cum Bed
(Velvet, Indigo Blue)",48988,Chesterfield,Velvet,Blue,36,0,Yes,L - Shape,Wooden Street,203.2,81.3,88.9,4.6,417
"Alfonso Right Aligned Convertible Sofa Cum Bed
(Velvet, Graphite Grey)",48988,Chesterfield,Velvet,Grey,36,0,Yes,L - Shape,Wooden Street,203.2,81.3,88.9,4.6,417
"Alfonso Right Aligned Convertible Sofa Cum Bed
(Velvet, Chestnut Brown)",48988,Chesterfield,Velvet,Brown,36,0,Yes,L - Shape,Wooden Street,203.2,81.3,88.9,4.6,417
"Alfonso Right Aligned Convertible Sofa Cum Bed
(Cotton, Indigo Ink)",47989,Chesterfield,Cotton,Blue,36,0,Yes,L - Shape,Wooden Street,203.2,81.3,88.9,4.6,417
"Henry 3 Seater Sofa
(Leatherette, Leaf)",47989,Chesterfield,Leatherette,Green,36,3,Yes,0,Wooden Street,0,0,0,4.8,826
"Henry 3 Seater Sofa
(Leatherette, Ginger Bread)",47989,Chesterfield,Leather,Brown,36,3,Yes,0,Wooden Street,0,0,0,4.8,826
"Henry 3 Seater Sofa
(Leatherette, D Grey)",47989,Chesterfield,Leather,Grey,36,3,Yes,0,Wooden Street,0,0,0,4.8,826
"Claridge Fabric Sofa Cum Bed
(Graphite Grey)",47989,Modern,Cotton,Grey,36,3,Yes,0,Wooden Street,0,0,0,5,45
"Margret 3 Seater Sofa
(Cotton, Beige Pomme)",47989,Traditional,Cotton,Beige,36,3,Yes,0,Wooden Street,182.9,76.2,95.3,4.9,103
"Margret 3 Seater Sofa
(Cotton, Teal Pomme)",47989,Traditional,Cotton,Blue,36,3,Yes,0,Wooden Street,182.9,76.2,95.3,4.9,103
"Berlin 3 Seater Sofa
(Leatherette, Ginger Bread)",47989,Chesterfield,Leather,Brown,36,3,Yes,0,Wooden Street,182.9,72.4,76.2,4.8,724
"Berlin 3 Seater Sofa
(Leatherette, D Grey)",47989,Chesterfield,Leather,Grey,36,3,Yes,0,Wooden Street,182.9,72.4,76.2,4.8,724
"Alfonso Left Aligned Convertible Sofa Cum Bed
(Cotton, Irish Cream)",47989,Chesterfield,Cotton,Cream,36,0,Yes,L - Shape,Wooden Street,203.2,81.3,88.9,5,124
"Alfonso Left Aligned Convertible Sofa Cum Bed
(Cotton, Indigo Ink)",47989,Chesterfield,Cotton,Blue,36,0,Yes,L - Shape,Wooden Street,203.2,81.3,88.9,5,124
"Glen Left Aligned 3 Seater Sofa With Lounger
(Grey Upholstery)",47908,Modern,Velvet,Grey,12,0,0,0,Vittoria,78.7,127.0,71.1,0,0
"Osbert 3 Seater Curved Sofa
(Cotton, Persian Plum)",46989,Modern,Cotton,Red,36,3,Yes,Curved,Wooden Street,238.8,83.8,76.2,4.8,275
"Osbert 3 Seater Curved Sofa
(Cotton, Jade Ivory)",46989,Modern,Cotton,White,36,3,Yes,Curved,Wooden Street,238.8,83.8,76.2,4.8,275
"Osbert 3 Seater Curved Sofa
(Cotton, Iris Blue)",46989,Modern,Cotton,Blue,36,3,Yes,Curved,Wooden Street,238.8,83.8,76.2,4.8,275
"Osbert 3 Seater Curved Sofa
(Cotton, Fossil Grey)",46989,Modern,Cotton,Grey,36,3,Yes,Curved,Wooden Street,238.8,83.8,76.2,4.8,275
"Viana 3 Seater Fabric Sofa
(Cotton, Cream Tropical)",46989,Modern,Cotton,Cream,36,3,0,0,Wooden Street,203.2,86.4,86.4,5,10
"Osbert 3 Seater Curved Sofa
(Polyester, Boucle Grey)",46989,Modern,Polyester spandex,Grey,36,3,Yes,Curved,Wooden Street,238.8,83.8,76.2,4.8,275
"Viana 3 Seater Fabric Sofa
(Cotton, Cream Checkered)",46989,Modern,Cotton,Cream,36,3,0,0,Wooden Street,203.2,86.4,86.4,5,10
"Viana 3 Seater Fabric Sofa
(Cotton, Palm Leaf stripes)",46989,Modern,Cotton,Cream,36,3,0,0,Wooden Street,203.2,86.4,86.4,5,10
"Viana 3 Seater Fabric Sofa
(Cotton, Cream stripe)",46989,Modern,Cotton,Cream,36,3,0,0,Wooden Street,203.2,86.4,86.4,5,10
"Viana 3 Seater Fabric Sofa
(Cotton, Blue stripe)",46989,Modern,Cotton,Blue,36,3,0,0,Wooden Street,203.2,86.4,86.4,5,10
"Viana 3 Seater Fabric Sofa
(Cotton, Blue Checkered)",46989,Modern,Cotton,Blue,36,3,0,0,Wooden Street,203.2,86.4,86.4,5,10
"Christoph Fabric Sofa Set
(Velvet, Indigo Blue)",46949,Modern,Velvet,Blue,36,2,Yes,0,Wooden Street,120.7,78.7,68.6,4.9,68
"Christoph Fabric Sofa Set
(Velvet, Graphite Grey)",46949,Modern,Velvet,Grey,36,2,Yes,0,Wooden Street,120.7,78.7,68.6,4.9,68
"Swanson Chesterfield Sofa
(Velvet, Indigo Blue)",45989,Chesterfield,Velvet,Blue,36,3,Yes,0,Wooden Street,203.2,81.3,68.6,4.7,90
"Swanson Chesterfield Sofa
(Velvet, Chestnut Brown)",45989,Chesterfield,Velvet,Brown,36,3,Yes,0,Wooden Street,203.2,81.3,68.6,4.7,90
"Swanson Chesterfield Sofa
(Velvet, Graphite Grey)",45989,Chesterfield,Velvet,Grey,36,3,Yes,0,Wooden Street,203.2,81.3,68.6,4.7,90
"Osbert 3 Seater Curved Sofa
(Velvet, Chestnut Brown)",44989,Modern,Velvet,Brown,36,3,Yes,0,Wooden Street,61.0,55.9,96.5,4.8,275
"Osbert 3 Seater Curved Sofa
(Velvet, Salmon Pink)",44989,Modern,Velvet,Pink,36,3,Yes,Curved,Wooden Street,238.8,83.8,76.2,4.8,275
"Pristine 3 Seater Fabric Sofa
(Velvet, Mulberry Pink)",44989,Rolled arm,Velvet,Purple,36,3,Yes,Rectangle,Wooden Street,198.1,88.9,71.1,4.8,57
"Pristine 3 Seater Fabric Sofa
(Velvet, Indigo Blue)",44989,Rolled arm,Velvet,Blue,36,3,Yes,Rectangle,Wooden Street,198.1,88.9,71.1,4.8,57
"Pristine 3 Seater Fabric Sofa
(Velvet, Graphite Grey)",44989,Rolled arm,Velvet,Grey,36,3,Yes,Rectangle,Wooden Street,198.1,88.9,71.1,4.8,57
"Pristine 3 Seater Fabric Sofa
(Velvet, Dark Olive Green)",44989,Rolled arm,Velvet,Green,36,3,Yes,Rectangle,Wooden Street,198.1,88.9,71.1,4.8,57
"Pristine 3 Seater Fabric Sofa
(Velvet, Chestnut Brown)",44989,Rolled arm,Velvet,Brown,36,3,Yes,Rectangle,Wooden Street,198.1,88.9,71.1,4.8,57
"Pristine 3 Seater Fabric Sofa
(Velvet, Salmon Pink)",44989,Rolled arm,Velvet,Pink,36,3,Yes,Rectangle,Wooden Street,198.1,88.9,71.1,4.8,57
"Osbert 3 Seater Curved Sofa
(Velvet, Indigo Blue)",44989,Modern,Velvet,Blue,36,3,Yes,Curved,Wooden Street,238.8,83.8,76.2,4.8,275
"Osbert 3 Seater Curved Sofa
(Velvet, Graphite Grey)",44989,Modern,Velvet,Grey,36,3,Yes,Curved,Wooden Street,238.8,83.8,76.2,4.8,275
"Osbert 3 Seater Curved Sofa
(Velvet, Dark Olive Green)",44989,Modern,Velvet,Green,36,3,Yes,Curved,Wooden Street,238.8,83.8,76.2,4.8,275
"Riosche L Shape Right Aligned Sofa With Lounger
(Leatherette, Brown Upholstery)",44604,Modern,Leatherette,Brown,12,0,0,0,Vittoria,78.7,172.7,81.3,0,0
"Lorenz 3 Seater Sofa
(Cotton, Jade Ivory)",43989,Contemporary,Cotton,Cream,36,3,Yes,0,Wooden Street,208.3,83.8,76.2,5,150
"Berlin 3 Seater Sofa
(Cotton, Rose Vineyard)",43989,Modern,Cotton,White,36,3,Yes,Rectangular,Wooden Street,182.9,72.4,76.2,4.8,724
"Berlin 3 Seater Sofa
(Cotton, Dusky Leaf)",43989,Chesterfield,Cotton,Blue,36,3,Yes,Rectangular,Wooden Street,182.9,72.4,76.2,4.8,724
"Margret 3 Seater Sofa
(Velvet, Chestnut Brown)",43989,Traditional,Velvet,Brown,36,3,Yes,0,Wooden Street,182.9,76.2,95.3,4.9,103
"Margret 3 Seater Sofa
(Velvet, Indigo Blue)",43989,Traditional,Velvet,Blue,36,3,Yes,0,Wooden Street,182.9,76.2,95.3,4.9,103
"Tampa 3 Seater Leatherette Sofa
(Buff Grey Upholstery)",43878,Chesterfield,Leatherette,Grey,36,3,0,0,Furnitech,208.3,104.1,68.6,0,0
"Adley 3 Seater Sofa
(Velvet, Mulberry Pink)",42999,Contemporary,Velvet,Pink,36,3,Yes,Rectangle,Wooden Street,208.3,76.2,76.2,5,15
"Adley 3 Seater Sofa
(Velvet, Chestnut Brown)",42999,Contemporary,Velvet,Brown,36,3,Yes,Rectangle,Wooden Street,208.3,76.2,76.2,5,15
"Adley 3 Seater Sofa
(Velvet, Graphite Grey)",42999,Contemporary,Velvet,Grey,36,3,Yes,Rectangle,Wooden Street,208.3,76.2,76.2,5,15
"Adley 3 Seater Sofa
(Velvet, Indigo Blue)",42999,Contemporary,Velvet,Blue,36,3,Yes,Rectangle,Wooden Street,208.3,76.2,76.2,5,15
"Adley 3 Seater Sofa
(Velvet, Dark Olive Green)",42999,Contemporary,Velvet,Green,36,3,Yes,Rectangle,Wooden Street,208.3,76.2,76.2,5,15
"Cameron L - Shape Multifunctional Corner Sofa
(Velvet, Graphite Grey)",42989,Modern,Velvet,Grey,36,0,Yes,L - Shape,Wooden Street,213.4,78.7,78.7,4.8,24
"Cameron L - Shape Multifunctional Corner Sofa
(Velvet, Indigo Blue)",42989,Modern,Velvet,Blue,36,0,Yes,L - Shape,Wooden Street,213.4,78.7,78.7,4.8,24
"Albert 3 Seater Sofa
(Velvet, Chestnut Brown)",42989,Contemporary,Velvet,Brown,36,3,0,Rectangle,Wooden Street,208.2,96.5,83.8,5,10
"Albert 3 Seater Sofa
(Velvet, Graphite Grey)",42989,Contemporary,Velvet,Grey,36,3,0,Rectangle,Wooden Street,208.2,96.5,83.8,5,10
"Albert 3 Seater Sofa
(Velvet, Indigo Blue)",42989,Contemporary,Velvet,Blue,36,3,0,Rectangle,Wooden Street,208.2,96.5,83.8,5,10
"Albert 3 Seater Sofa
(Velvet, Dark Olive Green)",42989,Contemporary,Velvet,Green,36,3,0,Rectangle,Wooden Street,208.2,96.5,83.8,5,10
"Cameron L - Shape Multifunctional Corner Sofa
(Velvet, Chestnut Brown)",42989,Chesterfield,Velvet,Brown,36,0,Yes,L - Shape,Wooden Street,213.4,78.7,78.7,4.8,24
"Lorenz 3 Seater Sofa
(Velvet, Dark Olive Green)",42989,Contemporary,Velvet,Green,36,3,Yes,0,Wooden Street,208.3,83.8,76.2,5,150
"Stairway 3 Seater Fabric Sofa
(Cotton, Silica Smoke)",42898,Modern,Cotton,Grey,36,3,0,0,Wooden Street,208.3,68.6,73.7,5,10
"Margret 2 Seater Sofa
(Cotton, Cream Robins)",40999,Traditional,Cotton,Cream,36,2,0,0,Wooden Street,182.9,76.2,95.3,4.6,41
"Margret 2 Seater Sofa
(Cotton, Grey Robins)",40999,Traditional,Cotton,Grey,36,2,0,0,Wooden Street,182.9,76.2,95.3,4.6,41
"Margret 2 Seater Sofa
(Cotton, Beige Pomme)",40999,Traditional,Cotton,Beige,36,2,0,0,Wooden Street,182.9,76.2,95.3,4.6,41
"Margret 2 Seater Sofa
(Cotton, Teal Pomme)",40999,Traditional,Cotton,Blue,36,2,0,0,Wooden Street,182.9,76.2,95.3,4.6,41
"Dalton Fabric 3 Seater Sofa
(Teal)",40279,Modern,Polyester spandex,Green,0,3,0,0,Arra,200.7,78.7,94.0,0,0
"Aldean 3 Seater Fabric Sofa
(Indigo Blue)",39999,Rolled arm,Velvet,Blue,36,3,Yes,Rectangular,Wooden Street,193.0,81.3,83.8,4.9,39
"Aldean 3 Seater Fabric Sofa
(Chestnut Brown)",39999,Rolled arm,Velvet,Brown,36,3,Yes,Rectangular,Wooden Street,193.0,81.3,83.8,4.9,39
"Brandon L - Shape Multifunctional Corner Sofa
(Velvet, Chestnut Brown)",39989,Modern,Velvet,Brown,36,0,Yes,L - Shape,Wooden Street,210.8,81.3,78.7,4.8,38
"Brandon L - Shape Multifunctional Corner Sofa
(Velvet, Indigo Blue)",39989,Modern,Velvet,Blue,36,0,Yes,L - Shape,Wooden Street,210.8,81.3,78.7,4.8,38
"Oxford 3 Seater Fabric Sofa
(Cotton, Persian Plum)",39989,Modern,Cotton,Red,36,3,0,0,Wooden Street,198.1,76.2,78.7,4.6,78
"Oxford 3 Seater Fabric Sofa
(Cotton, Cream Forest)",39989,Modern,Cotton,Cream,36,3,0,0,Wooden Street,198.1,76.2,78.7,4.6,78
"Oxford 3 Seater Fabric Sofa
(Cotton, Arctic Diamonds)",39989,Modern,Cotton,Blue,36,3,0,0,Wooden Street,198.1,76.2,78.7,4.6,78
"Oxford 3 Seater Fabric Sofa
(Cotton, Magnolia Beige)",39989,Modern,Cotton,Cream,36,3,0,0,Wooden Street,198.1,76.2,78.7,4.6,78
"Berlin 3 Seater Sofa
(Velvet, Indigo Blue)",39989,Chesterfield,Velvet,Blue,36,3,Yes,Rectangular,Wooden Street,182.9,72.4,76.2,4.8,724
"Oxford 3 Seater Fabric Sofa
(Cotton, Iris Blue)",39989,Modern,Cotton,Blue,36,3,0,0,Wooden Street,198.1,76.2,78.7,4.6,78
"Oxford 3 Seater Fabric Sofa
(Cotton, Sand Beige)",39989,Modern,Cotton,Cream,36,3,0,0,Wooden Street,198.1,76.2,78.7,4.6,78
"Oxford 3 Seater Fabric Sofa
(Velvet, Olive Green)",39989,Modern,Velvet,Green,36,3,0,0,Wooden Street,198.1,76.2,78.7,4.6,78
"Oxford 3 Seater Fabric Sofa
(Cotton, Berry Diamonds)",39989,Modern,Cotton,Red,36,3,0,0,Wooden Street,198.1,76.2,78.7,4.6,78
"Oxford 3 Seater Fabric Sofa
(Cotton, Umber Brown)",39989,Modern,Cotton,Red,36,3,0,0,Wooden Street,198.1,76.2,78.7,4.6,78
"Oxford 3 Seater Fabric Sofa
(Cotton, Cream Tropical)",39989,Modern,Cotton,Cream,36,3,0,0,Wooden Street,198.1,76.2,78.7,4.6,78
"Oxford 3 Seater Fabric Sofa
(Velvet, Indigo Blue)",39989,Modern,Velvet,Blue,36,3,0,0,Wooden Street,198.1,76.2,86.4,4.6,78
"Brandon L - Shape Multifunctional Corner Sofa
(Velvet, Graphite Grey)",39989,Modern,Velvet,Grey,36,0,Yes,L - Shape,Wooden Street,210.8,81.3,78.7,4.8,38
"Casper 3 Seater Sofa
(Velvet, Graphite Grey)",39989,Modern,Velvet,Grey,36,3,Yes,Rectangular,Wooden Street,188.0,88.9,78.7,4.5,68
"Casper 3 Seater Sofa
(Cotton, Rose Vineyard)",39989,Modern,Cotton,White,36,3,Yes,Rectangular,Wooden Street,188.0,88.9,78.7,4.5,68
"Berlin 3 Seater Sofa
(Velvet, Chestnut Brown)",39989,Chesterfield,Velvet,Brown,36,3,Yes,Rectangular,Wooden Street,182.9,72.4,76.2,4.8,724
"Berlin 3 Seater Sofa
(Velvet, Graphite Grey)",39989,Chesterfield,Velvet,Grey,36,3,Yes,Rectangular,Wooden Street,182.9,72.4,76.2,4.8,724
"Berlin 3 Seater Sofa
(Velvet, Mulberry Pink)",39989,Chesterfield,Velvet,Purple,36,3,Yes,0,Wooden Street,0,0,0,4.8,724
"Berlin 3 Seater Sofa
(Velvet, Dark Olive Green)",39989,Chesterfield,Velvet,Green,36,3,Yes,0,Wooden Street,0,0,0,4.8,724
"Henry 3 Seater Sofa
(Velvet, Chestnut Brown)",39898,Rolled arm,Velvet,Brown,36,3,Yes,Rectangular,Wooden Street,198.1,81.3,76.2,4.8,826
"Henry 3 Seater Sofa
(Velvet, Indigo Blue)",39898,Rolled arm,Velvet,Blue,36,3,Yes,Rectangular,Wooden Street,198.1,81.3,76.2,4.8,826
"Henry 3 Seater Sofa
(Velvet, Graphite Grey)",39898,Rolled arm,Velvet,Grey,36,3,Yes,Rectangular,Wooden Street,198.1,81.3,76.2,4.8,826
"Henry 3 Seater Sofa
(Velvet, Mulberry Pink)",39898,Chesterfield,Velvet,Purple,36,3,Yes,0,Wooden Street,0,0,0,4.8,826
"Dreamer L-Shape Fabric Sofa
(Velvet, Chesnut Brown)",38989,Modern,Velvet,Brown,36,0,Yes,L - Shape,Wooden Street,208.3,81.3,81.3,4.4,105
"Dreamer L-Shape Fabric Sofa
(Velvet, Graphite Grey)",38989,Modern,Velvet,Grey,36,0,Yes,L - Shape,Wooden Street,208.3,81.3,81.3,4.4,105
"Dreamer L-Shape Fabric Sofa
(Velvet, Indigo Blue)",38989,Modern,Velvet,Blue,36,0,Yes,L - Shape,Wooden Street,208.3,81.3,81.3,4.4,105
"Dreamer L-Shape Fabric Sofa
(Cotton, Indigo Ink)",38989,Modern,Cotton,Blue,36,0,Yes,L - Shape,Wooden Street,208.3,81.3,81.3,4.4,105
"Dreamer L-Shape Fabric Sofa
(Cotton, Dusky Rose)",38989,Modern,Cotton,Red,36,0,Yes,L - Shape,Wooden Street,208.3,81.3,81.3,4.4,105
"Dreamer L-Shape Fabric Sofa
(Cotton, Aqua Marine)",38989,Modern,Cotton,Blue,36,0,Yes,L - Shape,Wooden Street,208.3,81.3,81.3,4.4,105
"Dreamer L-Shape Fabric Sofa
(Cotton, Classic Brown)",38989,Modern,Cotton,Brown,36,0,Yes,L - Shape,Wooden Street,208.3,81.3,81.3,4.4,105
"Everett L-Shape Corner Fabric Sofa
(Velvet, Mulberry Pink)",38989,Contemporary,Velvet,Pink,36,0,Yes,0,Wooden Street,210.8,76.2,82.6,4.4,170
"Everett L-Shape Corner Fabric Sofa
(Velvet, Graphite Grey)",38989,Contemporary,Velvet,Grey,36,0,Yes,0,Wooden Street,210.8,76.2,82.6,4.4,170
"Everett L-Shape Corner Fabric Sofa
(Velvet, Dark Olive Green)",38989,Contemporary,Velvet,Green,36,0,Yes,0,Wooden Street,210.8,76.2,81.3,4.4,170
"Everett L-Shape Corner Fabric Sofa
(Velvet, Chestnut Brown)",38989,Contemporary,Velvet,Brown,36,0,Yes,0,Wooden Street,210.8,76.2,82.6,4.4,170
"Everett L-Shape Corner Fabric Sofa
(Velvet, Indigo Blue)",38989,Contemporary,Velvet,Blue,36,0,Yes,0,Wooden Street,210.8,76.2,82.6,4.4,170
"Foley 3 Seater Sofa
(Cotton, Cream Robins)",38949,Rolled arm,Cotton,Cream,36,3,Yes,Rectangular,Wooden Street,177.8,76.2,91.4,0,0
"Foley 3 Seater Sofa
(Cotton, Grey Robins)",38949,Rolled arm,Cotton,Grey,36,3,Yes,Rectangular,Wooden Street,177.8,76.2,91.4,0,0
"Margret 2 Seater Sofa
(Velvet, Graphite Grey)",38949,Traditional,Velvet,Grey,36,2,0,0,Wooden Street,182.9,76.2,95.3,4.6,41
"Margret 2 Seater Sofa
(Velvet, Indigo Blue)",38949,Traditional,Velvet,Blue,36,2,0,0,Wooden Street,182.9,76.2,95.3,4.6,41
"Margret 2 Seater Sofa
(Velvet, Chestnut Brown)",38949,Traditional,Velvet,Brown,36,2,0,0,Wooden Street,182.9,76.2,95.3,4.6,41
"Everett L - Shape Fabric Sofa
(Velvet, Graphite Grey)",38599,Contemporary,Velvet,Grey,36,0,Yes,L Shape,Wooden Street,210.8,76.2,82.6,4.7,337
"Everett L - Shape Fabric Sofa
(Velvet, Indigo Blue)",38599,Modern,Velvet,Blue,36,0,Yes,L Shape,Wooden Street,210.8,76.2,82.6,4.7,337
"Everett L - Shape Fabric Sofa
(Velvet, Dark Olive Green)",38599,Contemporary,Velvet,Green,36,0,Yes,L Shape,Wooden Street,210.8,76.2,82.6,4.7,337
"Everett L - Shape Fabric Sofa
(Velvet, Mulberry Pink)",38599,Contemporary,Velvet,Purple,36,0,Yes,L Shape,Wooden Street,210.8,76.2,82.6,4.7,337
"Laura Right Aligned Sectional Sofa
(Teal Upholstery)",37996,Modern,Polyester spandex,Teal,12,0,0,0,Vittoria,78.7,182.9,83.8,4.4,22
"Sible L-Shape 6 Seater Right Aligned Fabric Sofa
(Cotton, Mocha Brown)",37989,0,Cotton,Brown,36,0,One Sided Armrest,0,Wooden Street,0,0,0,0,0
"Sible L-Shape 6 Seater Right Aligned Fabric Sofa
(Cotton, Fresh Mint)",37989,0,Cotton,Green,36,0,One Sided Armrest,0,Wooden Street,264.2,81.3,81.3,0,0
"Sible L-Shape 6 Seater Right Aligned Fabric Sofa
(Cotton, Azure Blue)",37989,0,Cotton,Blue,36,0,One Sided Armrest,0,Wooden Street,264.2,81.3,81.3,0,0
"Sible L-Shape 6 Seater Left Aligned Fabric Sofa
(Cotton, Azure Blue)",37989,0,Cotton,Blue,36,0,One Sided Armrest,0,Wooden Street,264.2,81.3,81.3,0,0
"Sible L-Shape 6 Seater Left Aligned Fabric Sofa
(Cotton, Mocha Brown)",37989,0,Cotton,Brown,36,0,One Sided Armrest,0,Wooden Street,0,0,0,0,0
"Sible L-Shape 6 Seater Left Aligned Fabric Sofa
(Cotton, Fresh Mint)",37989,0,Cotton,Green,36,0,One Sided Armrest,0,Wooden Street,264.2,81.3,81.3,0,0
"Salita 3 Seater Fabric Convertible Sofa Cum Bed
(Velvet, Graphite Grey)",37898,Modern,Velvet,Grey,36,3,Yes,0,Wooden Street,182.9,91.4,87.6,4.7,42
"Salita 3 Seater Fabric Convertible Sofa Cum Bed
(Velvet, Dark Olive Green)",37898,Modern,Velvet,Green,36,3,Yes,0,Wooden Street,182.9,91.4,87.6,4.7,42
"Salita 3 Seater Fabric Convertible Sofa Cum Bed
(Velvet, Indigo Blue)",37898,Modern,Velvet,Blue,36,3,Yes,0,Wooden Street,182.9,91.4,87.6,4.7,42
"Salita 3 Seater Fabric Convertible Sofa Cum Bed
(Velvet, Chestnut Brown)",37898,Modern,Velvet,Brown,36,3,Yes,0,Wooden Street,182.9,91.4,87.6,4.7,42
"Norvin 3 Seater Sofa
(Velvet, Chestnut Brown)",36989,Modern,Velvet,Brown,36,3,Yes,0,Wooden Street,208.3,83.8,88.9,5,10
"Norvin 3 Seater Sofa
(Velvet, Dark Olive Green)",36989,Chesterfield,Velvet,Green,36,3,Yes,0,Wooden Street,208.3,83.8,88.9,5,10
"Norvin 3 Seater Sofa
(Velvet, Graphite Grey)",36989,Chesterfield,Velvet,Grey,36,3,Yes,0,Wooden Street,208.3,83.8,88.9,5,10
"Norvin 3 Seater Sofa
(Velvet, Indigo Blue)",36989,Chesterfield,Velvet,Blue,36,3,Yes,0,Wooden Street,208.3,83.8,88.9,5,10
"Berlin 2 Seater Sofa
(Fabric, Dusky Leaf)",35499,Modern,Cotton,Blue,36,2,Yes,Rectangular,Wooden Street,0,0,0,5,209
"Berlin 2 Seater Sofa
(Fabric, Rose Vineyard)",35499,Chesterfield,Cotton,White,36,2,Yes,Rectangular,Wooden Street,0,0,0,5,209
"Candice L-Shape Multifunctional Corner Sofa
(Exotic Teak Finish)",35099,Traditional,Engineered wood,Cream,12,0,0,0,Wooden Street,203.2,134.6,76.2,4.5,108
"Parker 3 Seater Sofa
(Cotton, Dusky Leaf)",34989,Chesterfield,Cotton,Blue,36,3,Yes,Rectangular,Wooden Street,198.1,83.8,88.9,4.7,529
"Parker 3 Seater Sofa
(Cotton, Grey Robins)",34989,Chesterfield,Cotton,Grey,36,3,Yes,Rectangular,Wooden Street,198.1,83.8,88.9,4.7,529
"Parker 3 Seater Sofa
(Cotton, Cream Forest)",34989,Chesterfield,Cotton,Cream,36,3,Yes,Rectangular,Wooden Street,198.1,83.8,88.9,4.7,529
"Parker 3 Seater Sofa
(Cotton, Cream Tropical)",34989,Chesterfield,Cotton,Cream,36,3,Yes,Rectangular,Wooden Street,198.1,83.8,88.9,4.7,529
"Eldric 3 Seater Sofa
(Velvet, Chestnut Brown)",34989,Contemporary,Velvet,Brown,36,3,Yes,0,Wooden Street,167.6,78.7,73.7,4.7,121
"Parker 3 Seater Sofa
(Cotton, Cream Robins)",34989,Chesterfield,Cotton,Cream,36,3,Yes,Rectangular,Wooden Street,198.1,83.8,88.9,4.7,529
"Eldric 3 Seater Sofa
(Velvet, Graphite Grey)",34989,Contemporary,Velvet,Grey,36,3,Yes,0,Wooden Street,167.6,78.7,73.7,4.7,121
"Sible L Shape 5 Seater Right Aligned Fabric Sofa
(Cotton, Mocha Brown)",34989,0,Cotton,Brown,36,0,One Sided Armrest,0,Wooden Street,0,0,0,0,0
"Orlando 3 Seater Sofa
(Chestnut Brown)",34989,Chesterfield,Velvet,Brown,36,3,Yes,Rectangular,Wooden Street,193.0,76.2,81.3,4.7,80
"Orlando 3 Seater Sofa
(Indigo Blue)",34989,Chesterfield,Velvet,Blue,36,3,Yes,Rectangular,Wooden Street,193.0,76.2,81.3,4.7,80
"Orlando 3 Seater Sofa
(Graphite Grey)",34989,Chesterfield,Velvet,Grey,36,3,Yes,Rectangular,Wooden Street,193.0,76.2,81.3,4.7,80
"Eldric 3 Seater Sofa
(Velvet, Dark Olive Green)",34989,Contemporary,Velvet,Green,36,3,Yes,0,Wooden Street,167.6,78.7,73.7,4.7,121
"Eldric 3 Seater Sofa
(Velvet, Indigo Blue)",34989,Contemporary,Velvet,Blue,36,3,Yes,0,Wooden Street,167.6,78.7,73.7,4.7,121
"Sible L Shape 5 Seater Left Aligned Fabric Sofa
(Cotton, Fresh Mint)",34989,0,Cotton,Green,36,5,One Sided Armrest,0,Wooden Street,0,0,0,0,0
"Sible L Shape 5 Seater Left Aligned Fabric Sofa
(Cotton, Mocha Brown)",34989,0,Cotton,Brown,36,5,One Sided Armrest,0,Wooden Street,0,0,0,0,0
"Sible L Shape 5 Seater Right Aligned Fabric Sofa
(Cotton, Azure Blue)",34989,0,Cotton,Blue,36,0,One Sided Armrest,0,Wooden Street,0,0,0,0,0
"Sible L Shape 5 Seater Right Aligned Fabric Sofa
(Cotton, Fresh Mint)",34989,0,Cotton,Green,36,5,One Sided Armrest,0,Wooden Street,0,0,0,0,0
"Sible L Shape 5 Seater Left Aligned Fabric Sofa
(Cotton, Azure Blue)",34989,0,Cotton,Blue,36,5,One Sided Armrest,0,Wooden Street,0,0,0,0,0
"Begonia Chaise Lounge
(Graphite Grey)",34499,Chesterfield,Velvet,Grey,36,3,Yes,0,Wooden Street,198.1,91.4,81.3,4.6,37
"Begonia Chaise Lounge
(Chestnut Brown)",34499,Chesterfield,Velvet,Brown,36,3,Yes,0,Wooden Street,198.1,91.4,81.3,4.6,37
"Carole Tufted Back Fabric 3 Seater Sofa
(Grey)",34499,Chesterfield,Polyester spandex,Grey,0,3,0,0,Arra,182.9,86.4,86.4,0,0
"Nicolas 3 Seater Sofa
(Velvet, Graphite Grey)",34289,Chesterfield,Velvet,Grey,36,3,Yes,Rectangular,Wooden Street,190.5,76.2,83.8,4.8,92
"Nicolas 3 Seater Sofa
(Velvet, Chestnut Brown)",34289,Chesterfield,Velvet,Brown,36,3,Yes,Rectangular,Wooden Street,190.5,76.2,83.8,4.8,92
"Nicolas 3 Seater Sofa
(Velvet, Indigo Blue)",34289,Chesterfield,Velvet,Blue,36,3,Yes,Rectangular,Wooden Street,190.5,76.2,83.8,4.8,92
"Parker 3 Seater Sofa
(Velvet, Graphite Grey)",33898,Rolled arm,Velvet,Grey,36,3,Yes,Rectangular,Wooden Street,198.1,83.8,88.9,4.7,529
"Parker 3 Seater Sofa
(Velvet, Indigo Blue)",33898,Rolled arm,Velvet,Blue,36,3,Yes,Rectangular,Wooden Street,198.1,83.8,88.9,4.7,529
"Parker 3 Seater Sofa
(Velvet, Chestnut Brown)",33898,Rolled arm,Velvet,Brown,36,3,Yes,Rectangular,Wooden Street,198.1,83.8,88.9,4.7,529
"Swanson 2 Seater Sofa
(Velvet, Indigo Blue)",33799,Chesterfield,Velvet,Blue,36,2,Yes,0,Wooden Street,0,0,0,4.7,33
"Swanson 2 Seater Sofa
(Velvet, Chestnut Brown)",33799,Chesterfield,Velvet,Brown,36,2,Yes,0,Wooden Street,0,0,0,4.7,33
"Foley 2 Seater Sofa
(Cotton, Cream Robins)",33799,Rolled arm,Cotton,Cream,36,2,Yes,Rectangular,Wooden Street,0,0,0,0,0
"Foley 2 Seater Sofa
(Cotton, Grey Robins)",33799,Rolled arm,Cotton,Grey,36,2,0,Rectangular,Wooden Street,0,0,0,0,0
"Miami 3 Seater Fabric Sofa
(Yellow Upholstery)",33599,Chesterfield,Velvet,Yellow,15,3,0,0,Arra,210.8,86.4,88.9,0,0
"Locus 3 Seater Sofa
(Velvet, Graphite Grey)",32989,Chesterfield,Velvet,Grey,36,3,Yes,0,Wooden Street,182.9,76.2,86.4,4.6,37
"Richie 3 Seater Sofa
(Velvet, Indigo Blue)",32989,Chesterfield,Velvet,Blue,36,3,Yes,Rectangular,Wooden Street,203.2,76.2,78.7,4.8,29
"Richie 3 Seater Sofa
(Velvet, Chestnut Brown)",32989,Chesterfield,Velvet,Brown,36,3,Yes,Rectangular,Wooden Street,203.2,76.2,78.7,4.8,29
"Locus 3 Seater Sofa
(Velvet, Chestnut Brown)",32989,Chesterfield,Velvet,Brown,36,3,Yes,0,Wooden Street,182.9,76.2,86.4,4.6,37
"Locus 3 Seater Sofa
(Velvet, Dark Olive Green)",32989,Chesterfield,Velvet,Green,36,3,Yes,0,Wooden Street,182.9,76.2,86.4,4.6,37
"Locus 3 Seater Sofa
(Velvet, Indigo Blue)",32989,Chesterfield,Velvet,Blue,36,3,Yes,0,Wooden Street,182.9,76.2,86.4,4.6,37
"Locus 3 Seater Sofa
(Velvet, Mulberry Pink)",32989,Chesterfield,Velvet,Purple,36,3,Yes,0,Wooden Street,182.9,76.2,86.4,4.6,37
"Saket 1 Seater Ash Wood Cane Sofa
(Sand Beige)",32898,Modern,Cane,Cream,36,1,0,0,Wooden Street,116.8,88.9,78.7,0,0
"Casper 2 Seater Sofa
(Fabric, Dusky Leaf)",32799,Modern,Cotton,Blue,36,2,Yes,Rectangular,Wooden Street,0,0,0,4.9,34
"Casper 2 Seater Sofa
(Fabric, Rose Vineyard)",32799,Modern,Cotton,White,36,2,Yes,Rectangular,Wooden Street,0,0,0,4.9,34
"Darcy 3 Seater Fabric Sofa In
(Blue Upholstery)",32320,Chesterfield,Velvet,Blue,36,3,0,0,Furnitech,172.7,78.7,78.7,0,0
"Aldean 2 Seater Fabric Sofa
(Graphite Grey)",31989,Rolled arm,Velvet,Grey,36,2,Yes,Rectangular,Wooden Street,0,0,0,4.5,9
"Aldean 2 Seater Fabric Sofa
(Indigo Blue)",31989,Rolled arm,Velvet,Blue,36,2,Yes,Rectangular,Wooden Street,0,0,0,4.5,9
"Aldean 2 Seater Fabric Sofa
(Chestnut Brown)",31989,Rolled arm,Velvet,Brown,36,2,Yes,Rectangular,Wooden Street,0,0,0,4.5,9
"Casper 2 Seater Sofa
(Velvet, Graphite Grey)",30749,Modern,Velvet,Grey,36,2,0,Rectangular,Wooden Street,0,0,0,4.9,34
"Casper 2 Seater Sofa
(Velvet, Indigo Blue)",30749,Modern,Velvet,Blue,36,2,Yes,Rectangular,Wooden Street,0,0,0,4.9,34
"Casper 2 Seater Sofa
(Velvet, Chestnut Brown)",30749,Modern,Velvet,Brown,36,2,Yes,Rectangular,Wooden Street,0,0,0,4.9,34
"Arbor 3 Seater Sofa
(Velvet, Graphite Grey)",29999,Rolled arm,Velvet,Grey,36,3,Yes,Rectangular,Wooden Street,208.3,76.2,78.7,4.5,68
"Arbor 3 Seater Sofa
(Velvet, Dark Olive Green)",29999,Rolled arm,Velvet,Green,36,3,Yes,Rectangular,Wooden Street,208.3,76.2,78.7,4.5,68
"Arbor 3 Seater Sofa
(Velvet, Chestnut Brown)",29999,Rolled arm,Velvet,Brown,36,3,Yes,Rectangular,Wooden Street,208.3,76.2,78.7,4.5,68
"Arbor 3 Seater Sofa
(Velvet, Indigo Blue)",29999,Rolled arm,Velvet,Blue,36,3,Yes,Rectangular,Wooden Street,208.3,76.2,78.7,4.5,68
"Arbor 3 Seater Sofa
(Velvet, Mulberry Pink)",29999,Rolled arm,Velvet,Purple,36,3,Yes,Rectangular,Wooden Street,208.3,76.2,78.7,4.5,68
"Berlin 2 Seater Sofa
(Velvet, Indigo Blue)",29989,Chesterfield,Velvet,Blue,36,2,Yes,Rectangular,Wooden Street,0,0,0,5,209
"Berlin 2 Seater Sofa
(Velvet, Chestnut Brown)",29989,Chesterfield,Velvet,Brown,36,2,Yes,Rectangular,Wooden Street,0,0,0,5,209
"Berlin 2 Seater Sofa
(Velvet, Graphite Grey)",29989,Chesterfield,Velvet,Grey,36,2,Yes,Rectangular,Wooden Street,0,0,0,5,209
"Berlin 2 Seater Sofa
(Velvet, Mulberry Pink)",29989,Chesterfield,Velvet,Purple,36,2,Yes,0,Wooden Street,0,0,0,5,209
"Berlin 2 Seater Sofa
(Velvet, Dark Olive Green)",29989,Chesterfield,Velvet,Green,36,2,Yes,0,Wooden Street,0,0,0,5,209
"Henry 2 Seater Sofa
(Velvet, Chestnut Brown)",29989,Rolled arm,Velvet,Brown,36,2,Yes,Rectangular,Wooden Street,0,0,0,4.5,100
"Henry 2 Seater Sofa
(Velvet, Graphite Grey)",29989,Chesterfield,Velvet,Grey,36,2,Yes,Rectangular,Wooden Street,0,0,0,4.5,100
"Henry 2 Seater Sofa
(Velvet, Indigo Blue)",29989,Rolled arm,Velvet,Blue,36,2,Yes,Rectangular,Wooden Street,0,0,0,4.5,100
"Henry 2 Seater Sofa
(Velvet, Mulberry Pink)",29989,Chesterfield,Velvet,Purple,36,2,Yes,0,Wooden Street,0,0,0,4.5,100
"Henry 2 Seater Sofa
(Velvet, Dark Olive Green)",29989,Chesterfield,Velvet,Green,36,2,Yes,0,Wooden Street,0,0,0,4.5,100
"Adley 2 Seater Sofa
(Velvet, Chestnut Brown)",29989,Contemporary,Velvet,Brown,36,2,Yes,Rectangle,Wooden Street,0,0,0,4.5,9
"Adley 2 Seater Sofa
(Velvet, Graphite Grey)",29989,Contemporary,Velvet,Grey,36,2,Yes,Rectangle,Wooden Street,0,0,0,4.5,9
"Adley 2 Seater Sofa
(Velvet, Indigo Blue)",29989,Contemporary,Velvet,Blue,36,2,Yes,Rectangle,Wooden Street,0,0,0,4.5,9
"Adley 2 Seater Sofa
(Velvet, Mulberry Pink)",29989,Contemporary,Velvet,Pink,36,2,Yes,Rectangle,Wooden Street,0,0,0,4.5,9
"Adley 2 Seater Sofa
(Velvet, Dark Olive Green)",29989,Contemporary,Velvet,Green,36,2,Yes,Rectangle,Wooden Street,0,0,0,4.5,9
"Amaya 3 Seater Sofa
(Velvet, Chestnut Brown)",29899,Contemporary,Velvet,Brown,36,3,Yes,Rectangular,Wooden Street,182.9,78.7,76.2,4.4,61
"Amaya 3 Seater Sofa
(Velvet, Graphite Grey)",29899,Chesterfield,Velvet,Grey,36,3,Yes,Rectangular,Wooden Street,182.9,78.7,76.2,4.4,61
"Amaya 3 Seater Sofa
(Velvet, Indigo Blue)",29899,Chesterfield,Velvet,Blue,36,3,Yes,Rectangular,Wooden Street,182.9,78.7,76.2,4.4,61
